<tile id="0" name="Air">
	<texture/>
    <isSolid>0</isSolid>
    <isDrawn>0</isDrawn>
    <isNatural>1</isNatural>
	<isTransparent>1</isTransparent>
</tile>
<tile id="1" name="Dirt">
    <texture>Log.png</texture>
    <bumpMap>LogMapR.png</bumpMap>
    <isNatural>1</isNatural>
</tile>
<tile id="2" name="Grass">
    <texture>Grass.png</texture>
    <bumpMap>Grass.png</bumpMap>
    <isNatural>1</isNatural>
	<interactScript_walkedOn>TEST_SCRIPT.txt</interactScript_walkedOn>
</tile>

<tile id="6" name="Torch">
	<texture>Torch.png</texture>
	<bumpMap>Torch.png</bumpMap>
	<emittedLight>1.5</emittedLight>
	<isTransparent>1</isTransparent>
	<isSolid>0</isSolid>
	<tickScript>TorchTick.lua</tickScript>
</tile>
<tile id="4" name="Stone">
    <texture>Stone.png</texture>
    <bumpMap>Stone.png</bumpMap>
    <isNatural>1</isNatural>
</tile>



<tile id="11" name="Water">
    <texture>Water.png</texture>
    <bumpMap>Water.png</bumpMap>
    <isNatural>1</isNatural>
	<isSolid>0</isSolid>
	<isTransparent>1</isTransparent>
	<updateScript>WaterUpdate.lua</updateScript>
	<waterLevel>1.0</waterLevel>
</tile>
