<animation name="Test" id="0">
	<texture>/Entities/NPCs/Mob0.png</texture>
	<y>0</y>
	<width>32</width>
	<height>64</height>
</animation>
<skeletalAnimation name="testSkel" id="1">
	<repeats>1</repeats>
	<numLimbs>1</numLimbs>
	<angles>
		<angle>0</angle>
		<angle>15</angle>
		<angle>30</angle>
		<angle>45</angle>
		<angle>30</angle>
		<angle>15</angle>
		<angle>0</angle>
	</angles>
	<offsets>
		<offset>0.0,0.0</offset>
		<offset>0.0,0.0</offset>
		<offset>0.0,0.0</offset>
		<offset>0.0,0.0</offset>
		<offset>0.0,0.0</offset>
		<offset>0.0,0.0</offset>
		<offset>0.0,0.0</offset>
	</offsets>
</skeletalAnimation>
