<biome id="0" name="Canada">
	<backgroundTexture>BiomeBackgrounds/TestBackground.png</backgroundTexture>
	<baseHeight>20</baseHeight>
	<maxHeightDiff>10</maxHeightDiff>
	<maxTemperature>25.000000</maxTemperature>
	<baseTemperature>-14.000000</baseTemperature>
	<flatness>7.500000</flatness>
	<entities>
		<entityID>2</entityID>
	</entities>
</biome>
<biome id="1" name="Arctic">
	<backgroundTexture>BiomeBackgrounds/TestBackground.png</backgroundTexture>
	<baseHeight>30</baseHeight>
	<maxHeightDiff>15</maxHeightDiff>
	<maxTemperature>-10.000000</maxTemperature>
	<baseTemperature>-45.000000</baseTemperature>
	<flatness>4.300000</flatness>
	<entities>
		<entityID>2</entityID>
	</entities>
</biome>
<biome id="2" name="Australia">
	<backgroundTexture>BiomeBackgrounds/TestBackground.png</backgroundTexture>
	<baseHeight>55</baseHeight>
	<maxHeightDiff>25</maxHeightDiff>
	<maxTemperature>35.000000</maxTemperature>
	<baseTemperature>10.000000</baseTemperature>
	<flatness>1.500000</flatness>
	<entities>
		<entityID>2</entityID>
	</entities>
</biome>
<biome id="3" name="USA">
	<backgroundTexture>BiomeBackgrounds/TestBackground.png</backgroundTexture>
	<baseHeight>80</baseHeight>
	<maxHeightDiff>30</maxHeightDiff>
	<maxTemperature>20.000000</maxTemperature>
	<baseTemperature>10.000000</baseTemperature>
	<flatness>6.200000</flatness>
	<entities>
		<entityID>2</entityID>
	</entities>
</biome>
<biome id="4" name="Russia">
	<backgroundTexture>BiomeBackgrounds/TestBackground.png</backgroundTexture>
	<baseHeight>110</baseHeight>
	<maxHeightDiff>50</maxHeightDiff>
	<maxTemperature>10.000000</maxTemperature>
	<baseTemperature>-15.000000</baseTemperature>
	<flatness>1.750000</flatness>
	<entities>
		<entityID>2</entityID>
	</entities>
</biome>
<biome id="5" name="North Africa">
	<backgroundTexture>BiomeBackgrounds/TestBackground.png</backgroundTexture>
	<baseHeight>90</baseHeight>
	<maxHeightDiff>40</maxHeightDiff>
	<maxTemperature>30.000000</maxTemperature>
	<baseTemperature>10.000000</baseTemperature>
	<flatness>8.500000</flatness>
	<entities>
		<entityID>2</entityID>
	</entities>
</biome>
<biome id="6" name="South Africa">
	<baseHeight>70</baseHeight>
	<maxHeightDiff>30</maxHeightDiff>
	<maxTemperature>40.000000</maxTemperature>
	<baseTemperature>10.000000</baseTemperature>
	<flatness>0.500000</flatness>
	<entities>
		<entityID>2</entityID>
	</entities>
</biome>
<biome id="7" name="Asia">
	<baseHeight>40</baseHeight>
	<maxHeightDiff>2</maxHeightDiff>
	<maxTemperature>25.000000</maxTemperature>
	<baseTemperature>10.000000</baseTemperature>
	<flatness>7.600000</flatness>
	<entities>
		<entityID>2</entityID>
	</entities>
</biome>

