<question id="0" name="test">
	<text>This is a test text! Lorem ipsum dolor sit amet, consectetur adipiscing elit, sed do eiusmod tempor incididunt ut labore et dolore magna aliqua. Ut enim ad minim veniam, quis nostrud exercitation ullamco laboris nisi ut aliquip ex ea commodo consequat. Duis aute irure dolor in reprehenderit in voluptate velit esse cillum dolore eu fugiat nulla pariatur. Excepteur sint occaecat cupidatat non proident, sunt in culpa qui officia deserunt mollit anim id est laborum</text>
	<nextResponses>
		<responseID>0</responseID>
		<responseID>1</responseID>
	</nextResponses>
</question>

<response id="0" name="testResponse0">
	<text>Hello this is a test response (0). It needs flag 0 to be true</text>
	<requiredFlags>
		<flagID>0</flagID>
	</requiredFlags>
	<nextQuestion>0</nextQuestion>
</response>
<response id="1" name="testResponse1">
	<text>Yo, this is the other test response (1). It doesn't require shit.</text>
	<requiredFlags/>
	<nextQuestion/>
</response>
