<item id="0" name="WoodSword">
	<weight>0.000000</weight>
</item>
<item id="1" name="BlockDirt">
	<texture>../Blocks/Dirt.png</texture>
	<weight>0.000000</weight>
</item>
<item id="2" name="BlockTorch">
	<texture>Blocks/Torch.png</texture>
	<weight>0.000000</weight>
	<useScript><script>Item_BlockPlacement.lua</script><isFile>1</isFile></useScript>
</item>
<item id="3" name="BlockTorch_Bright">
	<texture>../Blocks/Torch.png</texture>
	<weight>0.000000</weight>
</item>
<item id="4" name="BlockTorch_Anti">
	<texture>../Blocks/Torch.png</texture>
	<weight>0.000000</weight>
</item>
<item id="5" name="BlockGrass">
	<texture>../Blocks/Grass.png</texture>
	<weight>0.000000</weight>
</item>
<item id="6" name="BlockWood">
	<texture>../Blocks/WoodBlock.png</texture>
	<weight>0.000000</weight>
</item>
<item id="7" name="BlockWoodPole">
	<texture>../Blocks/WoodBlock.png</texture>
	<weight>0.000000</weight>
</item>
<item id="8" name="BlockSign">
	<texture>../Blocks/WoodBlock.png</texture>
	<weight>0.000000</weight>
	<useScript><script>Item_BlockPlacement.lua</script><isFile>1</isFile></useScript> <!-- TODO: Attach string literals to these. Its already implemented, just do it. -->
</item>

