<npc id="0" name="Player">
	<texture>Entities/NPCs/Player.png</texture>
	<bumpMap>BushGreen.png</bumpMap>
	<sizeX>1.500000</sizeX>
	<sizeY>4.000000</sizeY>
	<isDamagedByFalls>1</isDamagedByFalls>
	<isInvincible>1</isInvincible>
	<speed>0.200000</speed>
	<jumpHeight>4.500000</jumpHeight>
	<maxHealth>100.000000</maxHealth>
	<faction>good</faction>
</npc>
<npc id="1" name="QuestGiverA">
	<texture>Entities/NPCs/Mob0.png</texture>
	<bumpMap>Mob0.png</bumpMap>
	<sizeX>1.500000</sizeX>
	<sizeY>4.000000</sizeY>
	<isDamagedByFalls>1</isDamagedByFalls>
	<isInvincible>1</isInvincible>
	<speed>0.010000</speed>
	<jumpHeight>4.500000</jumpHeight>
	<maxHealth>100.000000</maxHealth>
</npc>
<npc id="2" name="CompanionCube">
	<texture>Entities/NPCs/CompanionCube.png</texture>
	<bumpMap>CompanionCube.png</bumpMap>
	<sizeX>1.000000</sizeX>
	<sizeY>1.000000</sizeY>
	<isDamagedByFalls>1</isDamagedByFalls>
	<isInvincible>1</isInvincible>
	<speed>0.200000</speed>
	<jumpHeight>2.000000</jumpHeight>
	<maxHealth>100.000000</maxHealth>
	<faction>evil</faction>
</npc>
<npc id="4" name="Fox">
	<texture>Entities/NPCs/FoxStanding.png</texture>
	<bumpMap>FoxStandingMap.png</bumpMap>
	<sizeX>1.000000</sizeX>
	<sizeY>1.000000</sizeY>
	<isDamagedByFalls>1</isDamagedByFalls>
	<isInvincible>1</isInvincible>
	<speed>0.200000</speed>
	<jumpHeight>1.000000</jumpHeight>
	<maxHealth>100.000000</maxHealth>
	<faction>bad</faction>
</npc>

